款,项,目,名,总额
市议会主管,市议会,一般行政,行政管理,198789794
市议会主管,市议会,议事业务,大会议事工作,104793610
市议会主管,市议会,议事业务,经常议事工作,454816327
市议会主管,市议会,公共关系业务,公共关系,35616568
市议会主管,市议会,建筑及设备,其他设备,12004500
市议会主管,市议会,建筑及设备,营建工程,0
市议会主管,市议会,第一预备金,第一预备金,6680000
市政府主管,秘书处,一般行政,行政管理,177080164
市政府主管,秘书处,市政综理业务,市政综理,62588827
市政府主管,秘书处,联合服务,为民服务,7694318
市政府主管,秘书处,公共关系业务,公共关系,25862919
市政府主管,秘书处,新闻发布,发布市政新闻,19142951
市政府主管,秘书处,建筑及设备,营建工程,699475
市政府主管,秘书处,建筑及设备,其他设备,1235272
市政府主管,秘书处,建筑及设备,交通及运输设备,0
市政府主管,秘书处,第一预备金,第一预备金,3900000
市政府主管,市政大楼公共事务管理中,一般行政,行政管理,21657828
市政府主管,市政大楼公共事务管理中,市政大楼公管业务,事务管理,62393825
市政府主管,市政大楼公共事务管理中,市政大楼公管业务,机电设备管理,152437971
市政府主管,市政大楼公共事务管理中,市政大楼公管业务,安全防护管理,61716550
市政府主管,市政大楼公共事务管理中,建筑及设备,营建工程,86341630
市政府主管,市政大楼公共事务管理中,建筑及设备,其他设备,23446868
市政府主管,主计处,一般行政,行政管理,54149899
市政府主管,主计处,岁计会计业务,总预算核编及督导执,23331029
市政府主管,主计处,岁计会计业务,附属及特别预算核编,14579384
市政府主管,主计处,岁计会计业务,总会计事务处理及总,16775564
市政府主管,主计处,统计业务,公务统计,13726459
市政府主管,主计处,统计业务,经济统计,40075251
市政府主管,主计处,建筑及设备,其他设备,551200
市政府主管,主计处,建筑及设备,交通及运输设备,0
市政府主管,主计处,第一预备金,第一预备金,600000
市政府主管,人事处,一般行政,行政管理,40725212
市政府主管,人事处,组织及管理,组织及管理,13227081
市政府主管,人事处,任免考试,任免考试,15051196
市政府主管,人事处,考核训练,考核训练,15998002
市政府主管,人事处,待遇福利退休抚恤业务,待遇福利及退休抚恤,20386107
市政府主管,人事处,人事信息业务,人事信息管理,21816008
市政府主管,人事处,建筑及设备,其他设备,649000
市政府主管,人事处,建筑及设备,营建工程,821748
市政府主管,人事处,第一预备金,第一预备金,300000
市政府主管,政风处,一般行政,行政管理,27872503
市政府主管,政风处,政风组织及维护管理,政风组织及维护管理,9067993
市政府主管,政风处,端正政风,政风查处,15954820
市政府主管,政风处,贪渎预防,贪渎预防及法令倡导,17393279
市政府主管,政风处,建筑及设备,交通及运输设备,0
市政府主管,政风处,建筑及设备,其他设备,492683
市政府主管,政风处,第一预备金,第一预备金,200000
市政府主管,公务人员训练处,一般行政,行政管理,38074380
市政府主管,公务人员训练处,训练业务,在职训练,94536012
市政府主管,公务人员训练处,建筑及设备,营建工程,10128898
市政府主管,公务人员训练处,建筑及设备,其他设备,1710364
市政府主管,公务人员训练处,第一预备金,第一预备金,225000
市政府主管,研究发展考核委员会,一般行政,行政管理,27190702
市政府主管,研究发展考核委员会,研究发展,市政研究发展及革新,18122529
市政府主管,研究发展考核委员会,管制及考核,施政计划管制考核,15518619
市政府主管,研究发展考核委员会,为民服务,为民服务暨公文查核,12981143
市政府主管,研究发展考核委员会,市政数据管理,数据及信息管理,8656524
市政府主管,研究发展考核委员会,计划作业,计划评估及编审,17020026
市政府主管,研究发展考核委员会,话务管理,话务管理,95856588
市政府主管,研究发展考核委员会,建筑及设备,其他设备,482200
市政府主管,研究发展考核委员会,第一预备金,第一预备金,800000
市政府主管,都市计划委员会,一般行政,行政管理,7288360
市政府主管,都市计划委员会,都市计划业务,都市计划审议,9975401
市政府主管,都市计划委员会,建筑及设备,其他设备,528400
市政府主管,都市计划委员会,第一预备金,第一预备金,50000
市政府主管,原住民族事务委员会,一般行政,行政管理,12442370
市政府主管,原住民族事务委员会,综合企划业务,综合企划业务,19147237
市政府主管,原住民族事务委员会,原住民教育文化业务,原住民教育文化业务,65586577
市政府主管,原住民族事务委员会,原住民经济建设业务,原住民经济建设业务,22661003
市政府主管,原住民族事务委员会,原住民社会福利业务,原住民社会福利业务,90163014
市政府主管,原住民族事务委员会,建筑及设备,营建工程,19995400
市政府主管,原住民族事务委员会,建筑及设备,其他设备,1490720
市政府主管,原住民族事务委员会,第一预备金,第一预备金,500000
市政府主管,客家事务委员会,一般行政,行政管理,22875292
市政府主管,客家事务委员会,客家政策研究发展,研究发展业务,94216642
市政府主管,客家事务委员会,客家语言文化推广,文教推广业务,68341931
市政府主管,客家事务委员会,建筑及设备,营建工程,1680000
市政府主管,客家事务委员会,建筑及设备,其他设备,2832900
市政府主管,客家事务委员会,第一预备金,第一预备金,600000
市政府主管,松山区公所,一般行政,行政管理,44645917
市政府主管,松山区公所,区政业务,区政管理,150129947
市政府主管,松山区公所,接受补助业务支出,接受中央各部会补助,8939328
市政府主管,松山区公所,建筑及设备,营建工程,18959358
市政府主管,松山区公所,建筑及设备,交通及运输设备,63000
市政府主管,松山区公所,建筑及设备,其他设备,675630
市政府主管,松山区公所,第一预备金,第一预备金,800000
市政府主管,松山区公所,道路桥梁工程,道路及桥梁工程,0
市政府主管,松山区公所,公园绿化及风景区工程,公园及绿化工程,0
市政府主管,信义区公所,一般行政,行政管理,49385953
市政府主管,信义区公所,区政业务,区政管理,166103407
市政府主管,信义区公所,接受补助业务支出,接受中央各部会补助,448500
市政府主管,信义区公所,建筑及设备,营建工程,12981623
市政府主管,信义区公所,建筑及设备,其他设备,1887380
市政府主管,信义区公所,第一预备金,第一预备金,800000
市政府主管,信义区公所,道路桥梁工程,道路及桥梁工程,0
市政府主管,信义区公所,公园绿化及风景区工程,公园及绿化工程,0
市政府主管,大安区公所,一般行政,行政管理,54345759
市政府主管,大安区公所,区政业务,区政管理,195752490
市政府主管,大安区公所,接受补助业务支出,接受中央各部会补助,448500
市政府主管,大安区公所,建筑及设备,营建工程,251120
市政府主管,大安区公所,建筑及设备,其他设备,2049454
市政府主管,大安区公所,第一预备金,第一预备金,800000
市政府主管,大安区公所,道路桥梁工程,道路及桥梁工程,0
市政府主管,大安区公所,公园绿化及风景区工程,公园及绿化工程,0
市政府主管,中山区公所,一般行政,行政管理,51989129
市政府主管,中山区公所,区政业务,区政管理,166786467
市政府主管,中山区公所,接受补助业务支出,接受中央各部会补助,13597348
市政府主管,中山区公所,建筑及设备,营建工程,5212072
市政府主管,中山区公所,建筑及设备,其他设备,1347517
市政府主管,中山区公所,第一预备金,第一预备金,800000
市政府主管,中山区公所,道路桥梁工程,道路及桥梁工程,0
市政府主管,中山区公所,公园绿化及风景区工程,公园及绿化工程,0
市政府主管,中正区公所,一般行政,行政管理,42005073
市政府主管,中正区公所,区政业务,区政管理,124202634
市政府主管,中正区公所,接受补助业务支出,接受中央各部会补助,448500
市政府主管,中正区公所,建筑及设备,营建工程,37115653
市政府主管,中正区公所,建筑及设备,其他设备,1485565
市政府主管,中正区公所,第一预备金,第一预备金,800000
市政府主管,中正区公所,道路桥梁工程,道路及桥梁工程,0
市政府主管,中正区公所,公园绿化及风景区工程,公园及绿化工程,0
市政府主管,大同区公所,一般行政,行政管理,51833411
市政府主管,大同区公所,区政业务,区政管理,99444494
市政府主管,大同区公所,接受补助业务支出,接受中央各部会补助,3421635
市政府主管,大同区公所,建筑及设备,营建工程,11659224
市政府主管,大同区公所,建筑及设备,其他设备,742500
市政府主管,大同区公所,第一预备金,第一预备金,800000
市政府主管,大同区公所,道路桥梁工程,道路及桥梁工程,0
市政府主管,大同区公所,公园绿化及风景区工程,公园及绿化工程,0
市政府主管,万华区公所,一般行政,行政管理,67720203
市政府主管,万华区公所,区政业务,区政管理,142503839
市政府主管,万华区公所,接受补助业务支出,接受中央各部会补助,448500
市政府主管,万华区公所,建筑及设备,营建工程,9982153
市政府主管,万华区公所,建筑及设备,其他设备,2161700
市政府主管,万华区公所,第一预备金,第一预备金,800000
市政府主管,万华区公所,道路桥梁工程,道路及桥梁工程,0
市政府主管,万华区公所,公园绿化及风景区工程,公园及绿化工程,0
市政府主管,文山区公所,一般行政,行政管理,52758857
市政府主管,文山区公所,区政业务,区政管理,174966220
市政府主管,文山区公所,接受补助业务支出,接受中央各部会补助,448500
市政府主管,文山区公所,建筑及设备,营建工程,8704843
市政府主管,文山区公所,建筑及设备,其他设备,1945076
市政府主管,文山区公所,建筑及设备,交通及运输设备,0
市政府主管,文山区公所,第一预备金,第一预备金,800000
市政府主管,文山区公所,道路桥梁工程,道路及桥梁工程,0
市政府主管,文山区公所,公园绿化及风景区工程,公园及绿化工程,0
市政府主管,南港区公所,一般行政,行政管理,44920756
市政府主管,南港区公所,区政业务,区政管理,92680106
市政府主管,南港区公所,接受补助业务支出,接受中央各部会补助,1424590
市政府主管,南港区公所,建筑及设备,营建工程,12600000
市政府主管,南港区公所,建筑及设备,其他设备,694675
市政府主管,南港区公所,第一预备金,第一预备金,800000
市政府主管,南港区公所,道路桥梁工程,道路及桥梁工程,0
市政府主管,南港区公所,公园绿化及风景区工程,公园及绿化工程,0
市政府主管,内湖区公所,一般行政,行政管理,50082129
市政府主管,内湖区公所,区政业务,区政管理,166084397
市政府主管,内湖区公所,接受补助业务支出,接受中央各部会补助,5948967
市政府主管,内湖区公所,建筑及设备,营建工程,7634069
市政府主管,内湖区公所,建筑及设备,其他设备,852730
市政府主管,内湖区公所,第一预备金,第一预备金,800000
市政府主管,内湖区公所,道路桥梁工程,道路及桥梁工程,0
市政府主管,内湖区公所,公园绿化及风景区工程,公园及绿化工程,0
市政府主管,士林区公所,一般行政,行政管理,53052237
市政府主管,士林区公所,区政业务,区政管理,196147390
市政府主管,士林区公所,接受补助业务支出,接受中央各部会补助,448500
市政府主管,士林区公所,建筑及设备,营建工程,4323323
市政府主管,士林区公所,建筑及设备,其他设备,1112150
市政府主管,士林区公所,第一预备金,第一预备金,800000
市政府主管,士林区公所,道路桥梁工程,道路及桥梁工程,0
市政府主管,士林区公所,公园绿化及风景区工程,公园及绿化工程,0
市政府主管,北投区公所,一般行政,行政管理,51026220
市政府主管,北投区公所,区政业务,区政管理,166776593
市政府主管,北投区公所,接受补助业务支出,接受中央各部会补助,448500
市政府主管,北投区公所,建筑及设备,营建工程,8469952
市政府主管,北投区公所,建筑及设备,其他设备,2023249
市政府主管,北投区公所,第一预备金,第一预备金,800000
市政府主管,北投区公所,道路桥梁工程,道路及桥梁工程,0
市政府主管,北投区公所,公园绿化及风景区工程,公园及绿化工程,0
民政局主管,民政局,一般行政,行政管理,86038556
民政局主管,民政局,区里行政,区政监督及区里组织,13502707
民政局主管,民政局,自治业务,推行自治行政暨基层,155695470
民政局主管,民政局,自治业务,民生小区中心管理,14559638
民政局主管,民政局,礼俗宗教,礼俗宗教业务,107620157
民政局主管,民政局,户政业务,户籍业务,44575508
民政局主管,民政局,人口行政,人口政策业务,601373346
民政局主管,民政局,建筑及设备,营建工程,29118043
民政局主管,民政局,建筑及设备,其他设备,4162670
民政局主管,民政局,建筑及设备,交通及运输设备,0
民政局主管,民政局,第一预备金,第一预备金,7000000
民政局主管,孔庙管理委员会,一般行政,行政管理,11819906
民政局主管,孔庙管理委员会,祭典及孔庙管理,祭典工作,4570854
民政局主管,孔庙管理委员会,祭典及孔庙管理,孔庙管理,17751271
民政局主管,孔庙管理委员会,建筑及设备,营建工程,1680254
民政局主管,孔庙管理委员会,建筑及设备,其他设备,468310
民政局主管,殡葬管理处,一般行政,行政管理,90941097
民政局主管,殡葬管理处,殡殓业务,殡殓管理,225297178
民政局主管,殡葬管理处,埋葬业务,埋葬管理,59192957
民政局主管,殡葬管理处,火葬业务,火葬管理,67873374
民政局主管,殡葬管理处,公墓灵(纳)骨堂(塔)业,设置规划管理,9539846
民政局主管,殡葬管理处,建筑及设备,营建工程,442808834
民政局主管,殡葬管理处,建筑及设备,其他设备,18640818
民政局主管,松山区户政事务所,一般行政,行政管理,10647482
民政局主管,松山区户政事务所,户政业务,户籍登记及管理,51511847
民政局主管,松山区户政事务所,建筑及设备,营建工程,292031
民政局主管,松山区户政事务所,建筑及设备,其他设备,552600
民政局主管,信义区户政事务所,一般行政,行政管理,8552073
民政局主管,信义区户政事务所,户政业务,户籍登记及管理,58245510
民政局主管,信义区户政事务所,建筑及设备,营建工程,1828676
民政局主管,信义区户政事务所,建筑及设备,其他设备,360553
民政局主管,大安区户政事务所,一般行政,行政管理,11924415
民政局主管,大安区户政事务所,户政业务,户籍登记及管理,80389788
民政局主管,大安区户政事务所,建筑及设备,其他设备,843900
民政局主管,中山区户政事务所,一般行政,行政管理,10794019
民政局主管,中山区户政事务所,户政业务,户籍登记及管理,58543687
民政局主管,中山区户政事务所,建筑及设备,营建工程,605053
民政局主管,中山区户政事务所,建筑及设备,其他设备,446141
民政局主管,中正区户政事务所,一般行政,行政管理,9368885
民政局主管,中正区户政事务所,户政业务,户籍登记及管理,46925136
民政局主管,中正区户政事务所,建筑及设备,营建工程,24321526
民政局主管,中正区户政事务所,建筑及设备,其他设备,369300
民政局主管,大同区户政事务所,一般行政,行政管理,11588374
民政局主管,大同区户政事务所,户政业务,户籍登记及管理,35568018
民政局主管,大同区户政事务所,建筑及设备,其他设备,622855
民政局主管,大同区户政事务所,建筑及设备,营建工程,0
民政局主管,南港区户政事务所,一般行政,行政管理,7115001
民政局主管,南港区户政事务所,户政业务,户籍登记及管理,31339204
民政局主管,南港区户政事务所,建筑及设备,其他设备,637745
民政局主管,南港区户政事务所,建筑及设备,营建工程,0
民政局主管,内湖区户政事务所,一般行政,行政管理,9053563
民政局主管,内湖区户政事务所,户政业务,户籍登记及管理,52296732
民政局主管,内湖区户政事务所,建筑及设备,营建工程,731217
民政局主管,内湖区户政事务所,建筑及设备,其他设备,673500
民政局主管,士林区户政事务所,一般行政,行政管理,7838396
民政局主管,士林区户政事务所,户政业务,户籍登记及管理,69059054
民政局主管,士林区户政事务所,建筑及设备,其他设备,312384
民政局主管,北投区户政事务所,一般行政,行政管理,8779619
民政局主管,北投区户政事务所,户政业务,户籍登记及管理,54538492
民政局主管,北投区户政事务所,建筑及设备,其他设备,485299
民政局主管,万华区户政事务所,一般行政,行政管理,10342525
民政局主管,万华区户政事务所,户政业务,户籍登记及管理,54405979
民政局主管,万华区户政事务所,建筑及设备,其他设备,339978
民政局主管,万华区户政事务所,建筑及设备,交通及运输设备,0
民政局主管,文山区户政事务所,一般行政,行政管理,11940081
民政局主管,文山区户政事务所,户政业务,户籍登记及管理,58895487
民政局主管,文山区户政事务所,建筑及设备,营建工程,6630765
民政局主管,文山区户政事务所,建筑及设备,其他设备,532000
财政局主管,财政局,一般行政,行政管理,81273939
财政局主管,财政局,财政行政,财政管理,480003103
财政局主管,财政局,财政行政,电子数据处理,20037257
财政局主管,财政局,债务付息,债务付息,2419648273
财政局主管,财政局,债务管理,债务管理,3255000
财政局主管,财政局,建筑及设备,土地购置,6144837
财政局主管,财政局,建筑及设备,营建工程,22844561
财政局主管,财政局,建筑及设备,交通及运输设备,2893440
财政局主管,财政局,建筑及设备,其他设备,2271000
财政局主管,财政局,第一预备金,第一预备金,4000000
财政局主管,税捐稽征处,一般行政,行政管理,166102705
财政局主管,税捐稽征处,税捐稽征业务,财产税稽征,366667446
财政局主管,税捐稽征处,税捐稽征业务,机会税稽征,66637745
财政局主管,税捐稽征处,税捐稽征业务,税务管理,217233609
财政局主管,税捐稽征处,税捐稽征业务,违章及行政救济,16232934
财政局主管,税捐稽征处,税捐稽征业务,电子数据处理,83767700
财政局主管,税捐稽征处,建筑及设备,土地购置,100000
财政局主管,税捐稽征处,建筑及设备,营建工程,7107397
财政局主管,税捐稽征处,建筑及设备,其他设备,2407780
财政局主管,税捐稽征处,建筑及设备,交通及运输设备,0
教育局主管,教育局,教育资源管理,各项教育业务,48084401086
教育局主管,教育局,教育资源管理,各项教育建设工程及,4525667329
教育局主管,教育局,作业基金,校务发展基金,101300000
教育局主管,教育局,第一预备金,第一预备金,10000000
教育局主管,市立图书馆,一般行政,行政管理,72587313
教育局主管,市立图书馆,图书总馆业务,图书采编,38424298
教育局主管,市立图书馆,图书总馆业务,阅览典藏,43865737
教育局主管,市立图书馆,图书总馆业务,咨询服务,9095889
教育局主管,市立图书馆,图书总馆业务,社教推广,15046041
教育局主管,市立图书馆,图书总馆业务,视听业务,5790019
教育局主管,市立图书馆,图书总馆业务,信息业务,21024018
教育局主管,市立图书馆,图书分馆业务,图书分馆工作,273859896
教育局主管,市立图书馆,建筑及设备,营建工程,66739308
教育局主管,市立图书馆,建筑及设备,其他设备,111106365
教育局主管,市立动物园,一般行政,行政管理,51813029
教育局主管,市立动物园,动物园业务,动物保育展示,174032276
教育局主管,市立动物园,动物园业务,环境生态保育,63955559
教育局主管,市立动物园,动物园业务,教育推广,45249067
教育局主管,市立动物园,动物园业务,动物医疗保健,24831510
教育局主管,市立动物园,动物园业务,游客服务,74177634
教育局主管,市立动物园,动物园业务,机械及设备维护,85278818
教育局主管,市立动物园,建筑及设备,营建工程,85155677
教育局主管,市立动物园,建筑及设备,交通及运输设备,34806000
教育局主管,市立动物园,建筑及设备,其他设备,27211580
教育局主管,市立天文科学教育馆,一般行政,行政管理,79321843
教育局主管,市立天文科学教育馆,天文业务,研究教育,8105310
教育局主管,市立天文科学教育馆,天文业务,推广教育,15202833
教育局主管,市立天文科学教育馆,天文业务,展示教育,29887318
教育局主管,市立天文科学教育馆,天文业务,视听教育,30208268
教育局主管,市立天文科学教育馆,建筑及设备,营建工程,46184220
教育局主管,市立天文科学教育馆,建筑及设备,其他设备,7940455
教育局主管,家庭教育中心,一般行政,行政管理,4797299
教育局主管,家庭教育中心,推展家庭教育,推展家庭教育,23288910
教育局主管,家庭教育中心,建筑及设备,其他设备,327647
教育局主管,青少年发展处,一般行政,行政管理,101664928
教育局主管,青少年发展处,发展处业务,综合企划,4876068
教育局主管,青少年发展处,发展处业务,交流服务,8396746
教育局主管,青少年发展处,发展处业务,推广教育,11918040
教育局主管,青少年发展处,发展处业务,场馆营运,12455668
教育局主管,青少年发展处,建筑及设备,营建工程,12148761
教育局主管,青少年发展处,建筑及设备,其他设备,2916920
产业发展局主管,产业发展局,一般行政,行政管理,85097247
产业发展局主管,产业发展局,工商科技产业管理,工商辅导及管理,74103715
产业发展局主管,产业发展局,工商科技产业管理,科技产业辅导及管理,106987834
产业发展局主管,产业发展局,公用事业,水电公用天然气事业,46708244
产业发展局主管,产业发展局,农业发展,农业发展,117325981
产业发展局主管,产业发展局,农民福利业务,农民福利,113691336
产业发展局主管,产业发展局,农民健保业务,农民健保,9169351
产业发展局主管,产业发展局,接受补助业务支出,接受中央各部会补助,4540000
产业发展局主管,产业发展局,建筑及设备,营建工程,83378000
产业发展局主管,产业发展局,建筑及设备,交通及运输设备,0
产业发展局主管,产业发展局,建筑及设备,其他设备,2068200
产业发展局主管,产业发展局,第一预备金,第一预备金,9000000
产业发展局主管,动物保护处,一般行政,行政管理,25607321
产业发展局主管,动物保护处,动物防疫,动物防疫检验及药物,14608644
产业发展局主管,动物保护处,动物保护,动物保护与管理,103267979
产业发展局主管,动物保护处,产业保育,产业辅导与动物保育,20934951
产业发展局主管,动物保护处,建筑及设备,营建工程,31651500
产业发展局主管,动物保护处,建筑及设备,其他设备,4157330
产业发展局主管,动物保护处,建筑及设备,交通及运输设备,0
产业发展局主管,市场处,一般行政,行政管理,311701751
产业发展局主管,市场处,批发市场管理与供销,批发市场管理,26691986
产业发展局主管,市场处,建筑及设备,营建工程,370141549
产业发展局主管,市场处,建筑及设备,交通及运输设备,189000
产业发展局主管,市场处,建筑及设备,其他设备,1291012
产业发展局主管,市场处,作业基金,市场发展基金,200000000
产业发展局主管,商业处,一般行政,行政管理,40279271
产业发展局主管,商业处,商业登记,商业登记管理,16761849
产业发展局主管,商业处,公司管理,公司管理,10379456
产业发展局主管,商业处,商业管理,商业管理,18372429
产业发展局主管,商业处,商业行政,商业行政及商业辅导,110148256
产业发展局主管,商业处,建筑及设备,其他设备,1487990
产业发展局主管,商业处,建筑及设备,交通及运输设备,0
工务局主管,工务局,一般行政,行政管理,109901176
工务局主管,工务局,工务行政,工务管理,106660502
工务局主管,工务局,建筑及设备,其他设备,2429600
工务局主管,工务局,建筑及设备,营建工程,0
工务局主管,工务局,用地补偿,公共用地补偿,1455779174
工务局主管,工务局,第一预备金,第一预备金,10000000
工务局主管,水利工程处,一般行政,行政管理,409659686
工务局主管,水利工程处,水利行政,水利管理及维护,787108440
工务局主管,水利工程处,建筑及设备,交通及运输设备,1030000
工务局主管,水利工程处,建筑及设备,其他设备,6050401
工务局主管,水利工程处,建筑及设备,营建工程,0
工务局主管,水利工程处,环境卫生及河川工程,河川工程,970009130
工务局主管,水利工程处,环境卫生及河川工程,雨水下水道工程,458500000
工务局主管,新建工程处,一般行政,行政管理,278462245
工务局主管,新建工程处,工务行政,工程管理,727364034
工务局主管,新建工程处,建筑及设备,营建工程,91939878
工务局主管,新建工程处,建筑及设备,交通及运输设备,1100000
工务局主管,新建工程处,建筑及设备,其他设备,6522370
工务局主管,新建工程处,道路桥梁工程,道路及桥梁工程,3562000834
工务局主管,公园路灯工程管理处,一般行政,行政管理,559436282
工务局主管,公园路灯工程管理处,公园绿地及园艺管理,公园绿地及园艺维护,1232377116
工务局主管,公园路灯工程管理处,路灯管理,路灯维护,392775970
工务局主管,公园路灯工程管理处,建筑及设备,营建工程,24325650
工务局主管,公园路灯工程管理处,建筑及设备,交通及运输设备,26025000
工务局主管,公园路灯工程管理处,建筑及设备,其他设备,13229535
工务局主管,公园路灯工程管理处,公园绿化及风景区工程,公园及绿化工程,1199073405
工务局主管,公园路灯工程管理处,路灯工程,路灯整建及新设工程,207681818
工务局主管,卫生下水道工程处,一般行政,行政管理,115931285
工务局主管,卫生下水道工程处,营运管理,卫生下水道营运及管,149754236
工务局主管,卫生下水道工程处,营运管理,管线维护,100259656
工务局主管,卫生下水道工程处,营运管理,污水处理,556999101
工务局主管,卫生下水道工程处,营运管理,淡水河系污水下水道,297121632
工务局主管,卫生下水道工程处,建筑及设备,土地购置,111509000
工务局主管,卫生下水道工程处,建筑及设备,营建工程,86204800
工务局主管,卫生下水道工程处,建筑及设备,交通及运输设备,1839000
工务局主管,卫生下水道工程处,建筑及设备,其他设备,3333600
工务局主管,卫生下水道工程处,环境卫生及河川工程,卫生下水道工程,1393345322
工务局主管,大地工程处,一般行政,行政管理,54911271
工务局主管,大地工程处,山坡地管理,山坡地管理及维护,220219958
工务局主管,大地工程处,建筑及设备,营建工程,2296974
工务局主管,大地工程处,建筑及设备,交通及运输设备,1665000
工务局主管,大地工程处,建筑及设备,其他设备,1013950
工务局主管,大地工程处,道路桥梁工程,道路及桥梁工程,270867550
工务局主管,大地工程处,环境卫生及河川工程,水土保持工程,245407750
工务局主管,大地工程处,公园绿化及风景区工程,山坡地游憩设施工程,125172243
交通局主管,交通局,一般行政,行政管理,71104580
交通局主管,交通局,运输规划与交通管理,综合规划,19004499
交通局主管,交通局,运输规划与交通管理,交通治理,19712549
交通局主管,交通局,运输规划与交通管理,运输信息业务,21671654
交通局主管,交通局,运输管理,运输管理,282030981
交通局主管,交通局,运输管理,交通安全,20435832
交通局主管,交通局,建筑及设备,营建工程,84129
交通局主管,交通局,建筑及设备,其他设备,6223763
交通局主管,交通局,建筑及设备,交通及运输设备,0
交通局主管,交通局,第一预备金,第一预备金,10000000
交通局主管,交通局,接受补助业务支出,接受中央各部会补助,0
交通局主管,停车管理工程处,一般行政,行政管理,28372528
交通局主管,停车管理工程处,停车管理业务,企划与设施业务,29561998
交通局主管,停车管理工程处,停车管理业务,营运与管理业务,34901481
交通局主管,停车管理工程处,建筑及设备,营建工程,4539135
交通局主管,停车管理工程处,建筑及设备,其他设备,603000
交通局主管,交通管制工程处,一般行政,行政管理,48529890
交通局主管,交通管制工程处,交通规划,交通管理规划,20087247
交通局主管,交通管制工程处,交通管制设施设置,管制设施设计与维护,205631938
交通局主管,交通管制工程处,交通控制管理,交通控制管理,85665527
交通局主管,交通管制工程处,建筑及设备,营建工程,3103846
交通局主管,交通管制工程处,建筑及设备,交通及运输设备,550000
交通局主管,交通管制工程处,建筑及设备,其他设备,789450
交通局主管,交通管制工程处,交通改善工程,交通改善工程,281515573
交通局主管,公共运输处,一般行政,行政管理,49239678
交通局主管,公共运输处,运输业管理,综合规划,249783644
交通局主管,公共运输处,运输业管理,大众运输管理,2299455254
交通局主管,公共运输处,运输业管理,一般运输业管理,210698617
交通局主管,公共运输处,运输业管理,稽查业务,23701633
交通局主管,公共运输处,运输业管理,公车处资产负债清理,1200000000
交通局主管,公共运输处,运输业管理,智慧运输管理,100448811
交通局主管,公共运输处,交通福利业务,身心障碍者交通福利,196143072
交通局主管,公共运输处,建筑及设备,土地购置,193191730
交通局主管,公共运输处,建筑及设备,营建工程,145271875
交通局主管,公共运输处,建筑及设备,其他设备,33764900
交通局主管,公共运输处,建筑及设备,交通及运输设备,0
交通局主管,公共运输处,接受补助业务支出,接受中央各部会补助,600000
交通局主管,交通事件裁决所,一般行政,行政管理,59514872
交通局主管,交通事件裁决所,交通裁罚业务,案件管理,26307433
交通局主管,交通事件裁决所,交通裁罚业务,违规裁罚,27878799
交通局主管,交通事件裁决所,交通裁罚业务,违规申诉,18043456
交通局主管,交通事件裁决所,交通裁罚业务,积案催收,45640423
交通局主管,交通事件裁决所,交通裁罚业务,肇事鉴定,8934902
交通局主管,交通事件裁决所,交通裁罚业务,电子处理数据业务,18124813
交通局主管,交通事件裁决所,建筑及设备,营建工程,3826615
交通局主管,交通事件裁决所,建筑及设备,其他设备,5076120
交通局主管,交通事件裁决所,建筑及设备,交通及运输设备,0
社会局主管,社会局,一般行政,行政管理,161355729
社会局主管,社会局,人民团体辅导,人民团体辅导,29142075
社会局主管,社会局,经济安全及平宅服务业,经济安全,8954310922
社会局主管,社会局,经济安全及平宅服务业,平价住宅服务,33633603
社会局主管,社会局,身心障碍福利业务,身心障碍福利,1182558953
社会局主管,社会局,老人福利业务,老人福利,2055776592
社会局主管,社会局,妇女福利及儿童托育业,儿童托育,52276594
社会局主管,社会局,妇女福利及儿童托育业,妇女福利,37881335
社会局主管,社会局,儿童及少年福利业务,儿童及少年福利,136310470
社会局主管,社会局,综合企划业务,综合企划业务,17305558
社会局主管,社会局,社会工作业务,社会工作专业服务,163255824
社会局主管,社会局,老人自费赡养业务,老人赡养服务,45589987
社会局主管,社会局,社会保险业务,社会保险,652386400
社会局主管,社会局,建筑及设备,营建工程,343559151
社会局主管,社会局,建筑及设备,交通及运输设备,676000
社会局主管,社会局,建筑及设备,其他设备,12615275
社会局主管,社会局,作业基金,台北市社会福利发展,18000000
社会局主管,社会局,第一预备金,第一预备金,7000000
社会局主管,阳明教养院,一般行政,行政管理,68184971
社会局主管,阳明教养院,院民教养,院民社会工作,202073395
社会局主管,阳明教养院,保健医疗业务,保健医疗,26918457
社会局主管,阳明教养院,建筑及设备,其他设备,2330350
社会局主管,阳明教养院,建筑及设备,营建工程,0
社会局主管,浩然敬老院,一般行政,行政管理,49706693
社会局主管,浩然敬老院,院民教养,院民社会工作,14342937
社会局主管,浩然敬老院,院民教养,院民赡养服务,130124919
社会局主管,浩然敬老院,保健医疗业务,保健医疗,54287550
社会局主管,浩然敬老院,建筑及设备,营建工程,2869220
社会局主管,浩然敬老院,建筑及设备,其他设备,2856172
社会局主管,浩然敬老院,建筑及设备,交通及运输设备,0
社会局主管,家庭暴力暨性侵害防治中,一般行政,行政管理,20003984
社会局主管,家庭暴力暨性侵害防治中,家庭暴力暨性侵害防治,家庭暴力暨性侵害防,201278219
社会局主管,家庭暴力暨性侵害防治中,建筑及设备,营建工程,66824997
社会局主管,家庭暴力暨性侵害防治中,建筑及设备,其他设备,2682801
劳动局主管,劳动局,一般行政,行政管理,83683074
劳动局主管,劳动局,和谐劳资关系,工会组织及劳动权益,128341165
劳动局主管,劳动局,劳工保险业务,劳健保劳工保险费补,4472886634
劳动局主管,劳动局,就业促进措施,就业安全,15406821
劳动局主管,劳动局,劳动教育文化,劳动教育文化,44347910
劳动局主管,劳动局,接受补助业务支出,接受中央各部会补助,35632256
劳动局主管,劳动局,建筑及设备,营建工程,15795620
劳动局主管,劳动局,建筑及设备,其他设备,1191446
劳动局主管,劳动局,第一预备金,第一预备金,2550000
劳动局主管,就业服务处,一般行政,行政管理,30414679
劳动局主管,就业服务处,就业服务,就业辅导,50696664
劳动局主管,就业服务处,就业服务,就业促进,17330573
劳动局主管,就业服务处,就业服务,就业情报搜集、整理,12858996
劳动局主管,就业服务处,就业服务,雇主服务,20184386
劳动局主管,就业服务处,建筑及设备,营建工程,28340860
劳动局主管,就业服务处,建筑及设备,其他设备,999573
劳动局主管,职能发展学院,一般行政,行政管理,78433747
劳动局主管,职能发展学院,职能发展,职能培育,102951196
劳动局主管,职能发展学院,职能发展,职能评量,12658985
劳动局主管,职能发展学院,建筑及设备,营建工程,450000
劳动局主管,职能发展学院,建筑及设备,其他设备,12207583
劳动局主管,劳动检查处,一般行政,行政管理,31106584
劳动局主管,劳动检查处,劳动检查业务,职业安全卫生,65502493
劳动局主管,劳动检查处,劳动检查业务,劳动条件,13292359
劳动局主管,劳动检查处,建筑及设备,营建工程,16412240
劳动局主管,劳动检查处,建筑及设备,其他设备,718272
劳动局主管,劳动检查处,建筑及设备,交通及运输设备,0
劳动局主管,劳动力重建运用处,一般行政,行政管理,21157716
劳动局主管,劳动力重建运用处,身障就业重建业务,身障就业促进业务,21403959
劳动局主管,劳动力重建运用处,外劳事务管理,外劳咨询及检查业务,7175862
劳动局主管,劳动力重建运用处,建筑及设备,营建工程,16259160
劳动局主管,劳动力重建运用处,建筑及设备,其他设备,136365
警察局主管,警察局,一般行政,行政管理,1878206275
警察局主管,警察局,警政业务,警察勤务,915384699
警察局主管,警察局,警政业务,分局业务,6260064420
警察局主管,警察局,警政业务,大队业务,2795656147
警察局主管,警察局,警政业务,警队业务,592321335
警察局主管,警察局,团队补助,补助义勇警察大队,36923039
警察局主管,警察局,团队补助,补助民防团队,24000000
警察局主管,警察局,团队补助,补助交通义勇警察大,84975537
警察局主管,警察局,建筑及设备,土地购置,36000000
警察局主管,警察局,建筑及设备,营建工程,604156922
警察局主管,警察局,建筑及设备,交通及运输设备,93252000
警察局主管,警察局,建筑及设备,其他设备,151530654
警察局主管,警察局,第一预备金,第一预备金,28500000
卫生局主管,卫生局,一般行政,行政管理,135498536
卫生局主管,卫生局,疾病管制业务,疾病管制工作,212143651
卫生局主管,卫生局,医护管理业务,医护管理工作,114315916
卫生局主管,卫生局,食品药物管理业务,食品药物管理工作,102883718
卫生局主管,卫生局,健康管理业务,健康管理工作,144822120
卫生局主管,卫生局,研究发展考核业务,研究发展考核工作,3370013989
卫生局主管,卫生局,检验业务,卫生检验,29614457
卫生局主管,卫生局,医疗保健福利业务,医疗福利计划,352539705
卫生局主管,卫生局,建筑及设备,营建工程,31322849
卫生局主管,卫生局,建筑及设备,交通及运输设备,1100000
卫生局主管,卫生局,建筑及设备,其他设备,57866803
卫生局主管,卫生局,第一预备金,第一预备金,14000000
卫生局主管,松山区健康服务中心,一般行政,行政管理,8715308
卫生局主管,松山区健康服务中心,卫生业务,公共卫生,24504439
卫生局主管,松山区健康服务中心,建筑及设备,营建工程,2660596
卫生局主管,松山区健康服务中心,建筑及设备,其他设备,318749
卫生局主管,信义区健康服务中心,一般行政,行政管理,12609452
卫生局主管,信义区健康服务中心,卫生业务,公共卫生,25631016
卫生局主管,信义区健康服务中心,建筑及设备,营建工程,1216678
卫生局主管,信义区健康服务中心,建筑及设备,其他设备,350100
卫生局主管,大安区健康服务中心,一般行政,行政管理,11368299
卫生局主管,大安区健康服务中心,卫生业务,公共卫生,32775875
卫生局主管,大安区健康服务中心,建筑及设备,营建工程,58150
卫生局主管,大安区健康服务中心,建筑及设备,其他设备,468836
卫生局主管,中山区健康服务中心,一般行政,行政管理,9482511
卫生局主管,中山区健康服务中心,卫生业务,公共卫生,25130487
卫生局主管,中山区健康服务中心,建筑及设备,营建工程,304098
卫生局主管,中山区健康服务中心,建筑及设备,其他设备,259200
卫生局主管,中正区健康服务中心,一般行政,行政管理,9713212
卫生局主管,中正区健康服务中心,卫生业务,公共卫生,19943298
卫生局主管,中正区健康服务中心,建筑及设备,其他设备,222000
卫生局主管,中正区健康服务中心,建筑及设备,营建工程,0
卫生局主管,大同区健康服务中心,一般行政,行政管理,7930957
卫生局主管,大同区健康服务中心,卫生业务,公共卫生,19370020
卫生局主管,大同区健康服务中心,建筑及设备,其他设备,151519
卫生局主管,万华区健康服务中心,一般行政,行政管理,10569322
卫生局主管,万华区健康服务中心,卫生业务,公共卫生,23842140
卫生局主管,万华区健康服务中心,建筑及设备,营建工程,6987000
卫生局主管,万华区健康服务中心,建筑及设备,其他设备,201131
卫生局主管,文山区健康服务中心,一般行政,行政管理,10563374
卫生局主管,文山区健康服务中心,卫生业务,公共卫生,28181601
卫生局主管,文山区健康服务中心,建筑及设备,营建工程,6923425
卫生局主管,文山区健康服务中心,建筑及设备,其他设备,201300
卫生局主管,南港区健康服务中心,一般行政,行政管理,8712712
卫生局主管,南港区健康服务中心,卫生业务,公共卫生,18206208
卫生局主管,南港区健康服务中心,建筑及设备,其他设备,160236
卫生局主管,内湖区健康服务中心,一般行政,行政管理,10454542
卫生局主管,内湖区健康服务中心,卫生业务,公共卫生,27046521
卫生局主管,内湖区健康服务中心,建筑及设备,营建工程,389803
卫生局主管,内湖区健康服务中心,建筑及设备,其他设备,220900
卫生局主管,士林区健康服务中心,一般行政,行政管理,10701813
卫生局主管,士林区健康服务中心,卫生业务,公共卫生,30234958
卫生局主管,士林区健康服务中心,建筑及设备,其他设备,269998
卫生局主管,北投区健康服务中心,一般行政,行政管理,8174388
卫生局主管,北投区健康服务中心,卫生业务,公共卫生,26643530
卫生局主管,北投区健康服务中心,建筑及设备,其他设备,209100
卫生局主管,北投区健康服务中心,建筑及设备,营建工程,0
环境保护局主管,环境保护局,一般行政,行政管理,174528354
环境保护局主管,环境保护局,公害防治,空气噪音振动管制,23408909
环境保护局主管,环境保护局,公害防治,水污染防治及病媒环,85121295
环境保护局主管,环境保护局,公害防治,环境检验监测暨环评,29570969
环境保护局主管,环境保护局,垃圾处理与清洁维持,垃圾清运暨环境清洁,4247481369
环境保护局主管,环境保护局,垃圾处理与清洁维持,垃圾处理,414274621
环境保护局主管,环境保护局,资源回收与列管公厕,资源垃圾回收与列管,80208405
环境保护局主管,环境保护局,资源回收与列管公厕,公厕管理与整建,64278624
环境保护局主管,环境保护局,环境卫生指导,督导考核与训练倡导,19151171
环境保护局主管,环境保护局,修车厂业务,汽车修护保养,150252778
环境保护局主管,环境保护局,环境保护回馈,垃圾处理回馈,214029929
环境保护局主管,环境保护局,建筑及设备,土地购置,60320100
环境保护局主管,环境保护局,建筑及设备,营建工程,53569686
环境保护局主管,环境保护局,建筑及设备,交通及运输设备,5400000
环境保护局主管,环境保护局,建筑及设备,其他设备,32980165
环境保护局主管,环境保护局,第一预备金,第一预备金,8100000
环境保护局主管,卫生稽查大队,一般行政,行政管理,37684987
环境保护局主管,卫生稽查大队,卫生稽查业务,公害案件取缔告发,156980632
环境保护局主管,卫生稽查大队,建筑及设备,营建工程,35926737
环境保护局主管,卫生稽查大队,建筑及设备,交通及运输设备,1248000
环境保护局主管,卫生稽查大队,建筑及设备,其他设备,1685603
环境保护局主管,内湖垃圾焚化厂,一般行政,行政管理,59440960
环境保护局主管,内湖垃圾焚化厂,垃圾焚化业务,焚化规划及操作,159028133
环境保护局主管,内湖垃圾焚化厂,建筑及设备,其他设备,579398
环境保护局主管,内湖垃圾焚化厂,建筑及设备,交通及运输设备,0
环境保护局主管,内湖垃圾焚化厂,环境卫生及河川工程,垃圾处理工程,33800000
环境保护局主管,木栅垃圾焚化厂,一般行政,行政管理,45617191
环境保护局主管,木栅垃圾焚化厂,垃圾焚化业务,焚化规划及操作,169758645
环境保护局主管,木栅垃圾焚化厂,建筑及设备,其他设备,698410
环境保护局主管,木栅垃圾焚化厂,环境卫生及河川工程,垃圾处理工程,36680000
环境保护局主管,北投垃圾焚化厂,一般行政,行政管理,61810479
环境保护局主管,北投垃圾焚化厂,垃圾焚化业务,焚化规划及操作,274006088
环境保护局主管,北投垃圾焚化厂,建筑及设备,其他设备,852570
环境保护局主管,北投垃圾焚化厂,建筑及设备,交通及运输设备,0
环境保护局主管,北投垃圾焚化厂,环境卫生及河川工程,垃圾处理工程,36680000
都市发展局主管,都市发展局,一般行政,行政管理,190588009
都市发展局主管,都市发展局,都市发展,都市发展规划,163137732
都市发展局主管,都市发展局,建筑管理,建筑管理审核及督导,21748823
都市发展局主管,都市发展局,建筑及设备,其他设备,22959418
都市发展局主管,都市发展局,建筑及设备,营建工程,0
都市发展局主管,都市发展局,住宅补贴,住宅业务补贴,448680893
都市发展局主管,都市发展局,作业基金,住宅基金,1943788000
都市发展局主管,都市发展局,接受补助业务支出,接受中央各部会补助,2000000
都市发展局主管,都市发展局,第一预备金,第一预备金,2300000
都市发展局主管,都市更新处,一般行政,行政管理,58489660
都市发展局主管,都市更新处,都市发展,都市更新,64048286
都市发展局主管,都市更新处,建筑及设备,其他设备,2997900
都市发展局主管,都市更新处,建筑及设备,营建工程,0
都市发展局主管,都市更新处,建筑及设备,交通及运输设备,0
都市发展局主管,建筑管理工程处,一般行政,行政管理,75900911
都市发展局主管,建筑管理工程处,建管业务,建筑管理及违建处理,474759077
都市发展局主管,建筑管理工程处,建筑及设备,营建工程,22958661
都市发展局主管,建筑管理工程处,建筑及设备,交通及运输设备,504000
都市发展局主管,建筑管理工程处,建筑及设备,其他设备,5389300
文化局主管,文化局,一般行政,行政管理,70021252
文化局主管,文化局,综合计划,文化环境之规划,503405054
文化局主管,文化局,文化资产之保存,文化资产之维护与活,90847109
文化局主管,文化局,艺文工作之推动,艺文工作之策划与推,571376735
文化局主管,文化局,小区文化之推动,小区文化生活之推动,81751429
文化局主管,文化局,文化设施之整建,文化设施兴建及文化,20402867
文化局主管,文化局,建筑及设备,营建工程,322954496
文化局主管,文化局,建筑及设备,其他设备,4329488
文化局主管,文化局,建筑及设备,交通及运输设备,0
文化局主管,文化局,作业基金,台北市文化设施发展,150000000
文化局主管,文化局,第一预备金,第一预备金,8250000
文化局主管,文化局,台北文化艺术设施之推,台北文化艺术设施筹,0
文化局主管,中山堂管理所,一般行政,行政管理,17526492
文化局主管,中山堂管理所,会场业务,会场管理,56825429
文化局主管,中山堂管理所,建筑及设备,营建工程,6594459
文化局主管,中山堂管理所,建筑及设备,其他设备,76787
文化局主管,文献委员会,一般行政,行政管理,15033507
文化局主管,文献委员会,文献编纂,文献编印,4772024
文化局主管,文献委员会,文献编纂,文献整理运用,11683490
文化局主管,文献委员会,文献编纂,史迹教育及推广,8086280
文化局主管,文献委员会,建筑及设备,其他设备,4364375
文化局主管,文献委员会,建筑及设备,营建工程,0
文化局主管,文献委员会,建筑及设备,交通及运输设备,0
文化局主管,市立美术馆,一般行政,行政管理,80113380
文化局主管,市立美术馆,美术馆业务,美术展览,140219516
文化局主管,市立美术馆,美术馆业务,美术品典藏及维护,15846912
文化局主管,市立美术馆,美术馆业务,推广美术教育,60446953
文化局主管,市立美术馆,美术馆业务,研究美术学术,16273907
文化局主管,市立美术馆,美术馆业务,机械及设备维护,31944721
文化局主管,市立美术馆,建筑及设备,其他设备,46107958
文化局主管,市立美术馆,建筑及设备,营建工程,0
文化局主管,市立美术馆,建筑及设备,交通及运输设备,0
文化局主管,市立交响乐团,一般行政,行政管理,27674164
文化局主管,市立交响乐团,交响乐团业务,演奏业务,181378233
文化局主管,市立交响乐团,交响乐团业务,研究与推广,19899750
文化局主管,市立交响乐团,建筑及设备,其他设备,2365275
文化局主管,市立交响乐团,建筑及设备,营建工程,0
文化局主管,市立国乐团,一般行政,行政管理,20548108
文化局主管,市立国乐团,国乐团业务,国乐发展,145849315
文化局主管,市立国乐团,建筑及设备,其他设备,3043450
文化局主管,市立国乐团,建筑及设备,交通及运输设备,0
文化局主管,市立社会教育馆,一般行政,行政管理,28382599
文化局主管,市立社会教育馆,社教馆业务,社教业务,148760276
文化局主管,市立社会教育馆,社教馆业务,活动中心管理,43788890
文化局主管,市立社会教育馆,建筑及设备,营建工程,44061998
文化局主管,市立社会教育馆,建筑及设备,其他设备,1228300
消防局主管,消防局,一般行政,行政管理,310448327
消防局主管,消防局,消防业务,灾害防救业务,119952202
消防局主管,消防局,消防业务,消防工作,515976490
消防局主管,消防局,消防业务,大队救灾救护业务,1589224616
消防局主管,消防局,接受补助业务支出,接受中央各部会补助,4064000
消防局主管,消防局,建筑及设备,土地购置,22863000
消防局主管,消防局,建筑及设备,营建工程,76763689
消防局主管,消防局,建筑及设备,交通及运输设备,119974000
消防局主管,消防局,建筑及设备,其他设备,116575854
消防局主管,消防局,接受补助建设支出,接受中央各部会补助,2799600
消防局主管,消防局,第一预备金,第一预备金,4300000
台北翡翠水库管理局主管,台北翡翠水库管理局,一般行政,行政管理,66541005
台北翡翠水库管理局主管,台北翡翠水库管理局,水库管理,水库管理,171111509
台北翡翠水库管理局主管,台北翡翠水库管理局,建筑及设备,营建工程,38860000
台北翡翠水库管理局主管,台北翡翠水库管理局,建筑及设备,交通及运输设备,1095000
台北翡翠水库管理局主管,台北翡翠水库管理局,建筑及设备,其他设备,39016850
台北翡翠水库管理局主管,台北翡翠水库管理局,台北水源特定区设施,台北水源特定区设施,1000
台北翡翠水库管理局主管,台北翡翠水库管理局,第一预备金,第一预备金,600000
观光传播局主管,观光传播局,一般行政,行政管理,43737064
观光传播局主管,观光传播局,综合营销,市政及观光综合营销,81149340
观光传播局主管,观光传播局,观光旅游规划与管理,观光政策发展及规划,84439169
观光传播局主管,观光传播局,观光旅游规划与管理,观光产业管理业务,47791115
观光传播局主管,观光传播局,观光旅游规划与管理,城市旅游规划与推广,75564382
观光传播局主管,观光传播局,出版及媒体辅导管理,营销出版暨媒体服务,66589192
观光传播局主管,观光传播局,出版及媒体辅导管理,传播事业辅导及管理,30506490
观光传播局主管,观光传播局,视听信息业务,视听制作及信息业务,11433127
观光传播局主管,观光传播局,建筑及设备,营建工程,15105200
观光传播局主管,观光传播局,建筑及设备,其他设备,2702500
观光传播局主管,观光传播局,建筑及设备,交通及运输设备,0
观光传播局主管,观光传播局,第一预备金,第一预备金,1800000
观光传播局主管,台北广播电台,一般行政,行政管理,14458533
观光传播局主管,台北广播电台,广播业务,节目及工务管理,34181964
观光传播局主管,台北广播电台,建筑及设备,其他设备,636114
观光传播局主管,台北广播电台,建筑及设备,营建工程,0
地政局主管,地政局,一般行政,行政管理,88430906
地政局主管,地政局,地政业务,实施平均地权与不动,273353071
地政局主管,地政局,建筑及设备,其他设备,6109455
地政局主管,地政局,建筑及设备,营建工程,0
地政局主管,地政局,第一预备金,第一预备金,2000000
地政局主管,土地开发总队,一般行政,行政管理,44603018
地政局主管,土地开发总队,促进土地利用,土地开发,39439402
地政局主管,土地开发总队,地籍管理,地籍测量,63838660
地政局主管,土地开发总队,建筑及设备,其他设备,1710500
地政局主管,土地开发总队,建筑及设备,交通及运输设备,0
地政局主管,松山地政事务所,一般行政,行政管理,37331491
地政局主管,松山地政事务所,地籍管理,地籍登记测量及管理,84011582
地政局主管,松山地政事务所,建筑及设备,交通及运输设备,545000
地政局主管,松山地政事务所,建筑及设备,其他设备,1278749
地政局主管,大安地政事务所,一般行政,行政管理,31013765
地政局主管,大安地政事务所,地籍管理,地籍登记测量及管理,65212294
地政局主管,大安地政事务所,建筑及设备,营建工程,3709588
地政局主管,大安地政事务所,建筑及设备,交通及运输设备,545000
地政局主管,大安地政事务所,建筑及设备,其他设备,2105921
地政局主管,中山地政事务所,一般行政,行政管理,35895108
地政局主管,中山地政事务所,地籍管理,地籍登记测量及管理,80443279
地政局主管,中山地政事务所,建筑及设备,营建工程,71509
地政局主管,中山地政事务所,建筑及设备,交通及运输设备,545000
地政局主管,中山地政事务所,建筑及设备,其他设备,1803628
地政局主管,古亭地政事务所,一般行政,行政管理,30599579
地政局主管,古亭地政事务所,地籍管理,地籍登记测量及管理,64973648
地政局主管,古亭地政事务所,建筑及设备,营建工程,757986
地政局主管,古亭地政事务所,建筑及设备,交通及运输设备,545000
地政局主管,古亭地政事务所,建筑及设备,其他设备,1685372
地政局主管,建成地政事务所,一般行政,行政管理,31550177
地政局主管,建成地政事务所,地籍管理,地籍登记测量及管理,58519983
地政局主管,建成地政事务所,建筑及设备,其他设备,1448600
地政局主管,建成地政事务所,建筑及设备,交通及运输设备,0
地政局主管,士林地政事务所,一般行政,行政管理,33614141
地政局主管,士林地政事务所,地籍管理,地籍登记测量及管理,91539853
地政局主管,士林地政事务所,建筑及设备,交通及运输设备,1090000
地政局主管,士林地政事务所,建筑及设备,其他设备,979494
兵役局主管,兵役局,一般行政,行政管理,77220399
兵役局主管,兵役局,役政业务,兵调体检业务,14162609
兵役局主管,兵役局,役政业务,征集勤务业务,28272624
兵役局主管,兵役局,役政业务,权益编管业务,52556091
兵役局主管,兵役局,役政业务,替代役业务,12414582
兵役局主管,兵役局,建筑及设备,营建工程,16947814
兵役局主管,兵役局,建筑及设备,交通及运输设备,545000
兵役局主管,兵役局,建筑及设备,其他设备,2359045
兵役局主管,兵役局,第一预备金,第一预备金,1000000
台北自来水事业处主管,台北自来水事业处,一般行政,行政管理,1300000
台北自来水事业处主管,台北自来水事业处,建筑及设备,营建工程,55400000
台北自来水事业处主管,台北自来水事业处,营业基金,台北自来水事业处资,161777378
体育局主管,体育局,一般行政,行政管理,184368341
体育局主管,体育局,体育业务,体育发展,46108457
体育局主管,体育局,体育业务,运动设施管理维謢,137193580
体育局主管,体育局,体育业务,体育活动推展,477803673
体育局主管,体育局,体育业务,2017世大运筹备,2994993278
体育局主管,体育局,建筑及设备,营建工程,21774288
体育局主管,体育局,建筑及设备,其他设备,45464706
体育局主管,体育局,第一预备金,第一预备金,9757000
体育局主管,体育局,接受补助建设支出,接受中央各部会补助,551911865
信息局主管,信息局,一般行政,行政管理,28892770
信息局主管,信息局,信息管理业务,信息管理、推动及应,494201685
信息局主管,信息局,建筑及设备,营建工程,550000
信息局主管,信息局,建筑及设备,其他设备,69627332
信息局主管,信息局,建筑及设备,交通及运输设备,0
信息局主管,信息局,第一预备金,第一预备金,600000
法务局主管,法务局,一般行政,行政管理,36208395
法务局主管,法务局,诉愿审议业务,办理人民诉愿,44370087
法务局主管,法务局,法规业务,法规整编及法令研究,32444339
法务局主管,法务局,国家赔偿业务,赔偿审议,2108635
法务局主管,法务局,消保业务,消保争议及综合业务,24384217
法务局主管,法务局,采购争议处理,采购争议处理,10060497
法务局主管,法务局,建筑及设备,营建工程,31868
法务局主管,法务局,建筑及设备,其他设备,955303
法务局主管,法务局,第一预备金,第一预备金,820000
捷运工程局主管,捷运工程局,一般行政,行政管理,10000
捷运工程局主管,捷运工程局,捷运系统工程,捷运系统工程,0
其他支出,公务人员退休及抚恤给付,公务人员退休及抚恤给,公务人员退休及抚恤,5187898417
其他支出,公务人员福利互助补助,公务人员福利互助补助,公务人员福利互助补,666366359
其他支出,国家赔偿金,国家赔偿金,国家赔偿金,35000000
其他支出,公务人员(工)待遇准备,公务人员(工)待遇准备,公务人员(工)待遇准,300000000
其他支出,灾害准备金,灾害准备金,灾害准备金,700000000
第二预备金,第二预备金,第二预备金,第二预备金,1500000000
